year,WYT,mean_ann_Q,perc_33.33,perc_66.66
1951,nan,nan,59.665163108765626,87.31613041095889
1952,nan,162.3087431693989,59.665163108765626,87.31613041095889
1953,nan,93.83013698630137,59.665163108765626,87.31613041095889
1954,MODERATE,63.17506849315069,59.665163108765626,87.31613041095889
1955,DRY,49.38657534246575,59.665163108765626,87.31613041095889
1956,nan,148.7016393442623,59.665163108765626,87.31613041095889
1957,MODERATE,73.20657534246575,59.665163108765626,87.31613041095889
1958,nan,124.65205479452055,59.665163108765626,87.31613041095889
1959,DRY,45.94575342465754,59.665163108765626,87.31613041095889
1960,DRY,57.91284153005464,59.665163108765626,87.31613041095889
1961,DRY,38.12082191780822,59.665163108765626,87.31613041095889
1962,MODERATE,74.32712328767123,59.665163108765626,87.31613041095889
