year,WYT,mean_ann_Q,perc_33.33,perc_66.66
1957,nan,nan,1.9498536853057862,8.127055276712328
1958,WET,21.588493150684933,1.9498536853057862,8.127055276712328
1959,DRY,0.8706849315068492,1.9498536853057862,8.127055276712328
1960,DRY,1.2480874316939892,1.9498536853057862,8.127055276712328
1961,DRY,0.061917808219178076,1.9498536853057862,8.127055276712328
1962,MODERATE,2.3432876712328765,1.9498536853057862,8.127055276712328
1963,DRY,0.14383561643835616,1.9498536853057862,8.127055276712328
1964,DRY,1.094808743169399,1.9498536853057862,8.127055276712328
1965,MODERATE,2.525205479452054,1.9498536853057862,8.127055276712328
1966,MODERATE,6.740821917808218,1.9498536853057862,8.127055276712328
1967,WET,18.66764383561644,1.9498536853057862,8.127055276712328
1968,MODERATE,2.378688524590164,1.9498536853057862,8.127055276712328
1969,WET,28.520301369863013,1.9498536853057862,8.127055276712328
1970,DRY,1.6264657534246578,1.9498536853057862,8.127055276712328
1971,DRY,1.3493972602739726,1.9498536853057862,8.127055276712328
1972,DRY,0.48185792349726764,1.9498536853057862,8.127055276712328
1973,WET,8.739479452054795,1.9498536853057862,8.127055276712328
1974,MODERATE,2.658958904109589,1.9498536853057862,8.127055276712328
1975,MODERATE,2.745178082191781,1.9498536853057862,8.127055276712328
1976,DRY,1.7539617486338797,1.9498536853057862,8.127055276712328
1977,DRY,0.9143835616438357,1.9498536853057862,8.127055276712328
1978,WET,35.433123287671236,1.9498536853057862,8.127055276712328
1979,WET,21.951397260273975,1.9498536853057862,8.127055276712328
1980,WET,51.138934426229504,1.9498536853057862,8.127055276712328
1981,MODERATE,3.1617260273972603,1.9498536853057862,8.127055276712328
1982,WET,9.353534246575343,1.9498536853057862,8.127055276712328
1983,WET,35.726602739726026,1.9498536853057862,8.127055276712328
1984,MODERATE,5.153743169398907,1.9498536853057862,8.127055276712328
1985,MODERATE,6.912438356164382,1.9498536853057862,8.127055276712328
1986,WET,10.435890410958903,1.9498536853057862,8.127055276712328
