year,WYT,mean_ann_Q,perc_33.33,perc_66.66
1951,DRY,0.24246575342465754,1.8952832054794517,6.903275321356388
1952,WET,29.660109289617484,1.8952832054794517,6.903275321356388
1953,MODERATE,2.0323287671232877,1.8952832054794517,6.903275321356388
1954,WET,7.421369863013699,1.8952832054794517,6.903275321356388
1955,DRY,1.6216438356164382,1.8952832054794517,6.903275321356388
1956,MODERATE,6.645081967213114,1.8952832054794517,6.903275321356388
1957,DRY,1.2871232876712329,1.8952832054794517,6.903275321356388
1958,WET,37.844931506849306,1.8952832054794517,6.903275321356388
1959,MODERATE,2.1939726027397257,1.8952832054794517,6.903275321356388
1960,MODERATE,2.130327868852459,1.8952832054794517,6.903275321356388
1961,DRY,0.23780821917808223,1.8952832054794517,6.903275321356388
1962,WET,8.29178082191781,1.8952832054794517,6.903275321356388
