year,WYT,mean_ann_Q,perc_33.33,perc_66.66
1951,DRY,2.290684931506849,3.9529575342465746,10.133872602739721
1952,WET,12.8551912568306,3.9529575342465746,10.133872602739721
1953,DRY,3.696712328767124,3.9529575342465746,10.133872602739721
1954,MODERATE,5.544383561643835,3.9529575342465746,10.133872602739721
1955,DRY,3.7665753424657527,3.9529575342465746,10.133872602739721
1956,DRY,2.7797814207650275,3.9529575342465746,10.133872602739721
1957,MODERATE,4.765753424657534,3.9529575342465746,10.133872602739721
1958,WET,12.934520547945207,3.9529575342465746,10.133872602739721
1959,MODERATE,4.327123287671233,3.9529575342465746,10.133872602739721
1960,DRY,2.778142076502732,3.9529575342465746,10.133872602739721
1961,DRY,2.203835616438356,3.9529575342465746,10.133872602739721
1962,WET,12.206575342465753,3.9529575342465746,10.133872602739721
1963,DRY,2.5027397260273974,3.9529575342465746,10.133872602739721
1964,DRY,2.2502732240437155,3.9529575342465746,10.133872602739721
1965,DRY,3.5013698630136987,3.9529575342465746,10.133872602739721
1966,WET,24.03287671232877,3.9529575342465746,10.133872602739721
1967,WET,11.273698630136986,3.9529575342465746,10.133872602739721
1968,MODERATE,5.2923497267759565,3.9529575342465746,10.133872602739721
1969,WET,33.39920547945205,3.9529575342465746,10.133872602739721
1970,MODERATE,6.082191780821918,3.9529575342465746,10.133872602739721
1971,MODERATE,7.6136986301369864,3.9529575342465746,10.133872602739721
1972,nan,nan,3.9529575342465746,10.133872602739721
1973,nan,nan,3.9529575342465746,10.133872602739721
1974,nan,nan,3.9529575342465746,10.133872602739721
1975,nan,nan,3.9529575342465746,10.133872602739721
1976,nan,nan,3.9529575342465746,10.133872602739721
1977,nan,nan,3.9529575342465746,10.133872602739721
1978,WET,88.08406593406595,3.9529575342465746,10.133872602739721
1979,WET,12.576712328767123,3.9529575342465746,10.133872602739721
1980,WET,37.70054644808743,3.9529575342465746,10.133872602739721
1981,MODERATE,7.425753424657533,3.9529575342465746,10.133872602739721
1982,MODERATE,7.8712328767123285,3.9529575342465746,10.133872602739721
