year,WYT,mean_ann_Q,perc_33.33,perc_66.66
1951,DRY,4.781095890410959,21.103957932629687,49.533250873568385
1952,WET,115.08524590163934,21.103957932629687,49.533250873568385
1953,MODERATE,32.05671232876713,21.103957932629687,49.533250873568385
1954,MODERATE,32.0427397260274,21.103957932629687,49.533250873568385
1955,DRY,17.75068493150685,21.103957932629687,49.533250873568385
1956,DRY,16.988524590163934,21.103957932629687,49.533250873568385
1957,DRY,18.453698630136987,21.103957932629687,49.533250873568385
1958,WET,146.51205479452057,21.103957932629687,49.533250873568385
1959,MODERATE,29.471232876712328,21.103957932629687,49.533250873568385
1960,DRY,11.4948087431694,21.103957932629687,49.533250873568385
1961,DRY,7.115342465753424,21.103957932629687,49.533250873568385
1962,WET,83.88054794520548,21.103957932629687,49.533250873568385
1963,DRY,18.929041095890412,21.103957932629687,49.533250873568385
1964,DRY,13.723497267759564,21.103957932629687,49.533250873568385
1965,MODERATE,21.104657534246574,21.103957932629687,49.533250873568385
1966,WET,159.75068493150684,21.103957932629687,49.533250873568385
1967,WET,143.05178082191782,21.103957932629687,49.533250873568385
1968,MODERATE,47.46174863387978,21.103957932629687,49.533250873568385
1969,WET,363.14246575342463,21.103957932629687,49.533250873568385
1970,WET,49.536986301369865,21.103957932629687,49.533250873568385
1971,MODERATE,46.701369863013696,21.103957932629687,49.533250873568385
1972,DRY,20.32732240437159,21.103957932629687,49.533250873568385
1973,WET,76.25424657534246,21.103957932629687,49.533250873568385
1974,WET,50.30684931506849,21.103957932629687,49.533250873568385
1975,MODERATE,30.706849315068492,21.103957932629687,49.533250873568385
1976,MODERATE,24.02513661202186,21.103957932629687,49.533250873568385
1977,MODERATE,22.169041095890414,21.103957932629687,49.533250873568385
1978,WET,327.9879452054795,21.103957932629687,49.533250873568385
