year,WYT,mean_ann_Q,perc_33.33,perc_66.66
1968,DRY,0.16636612021857924,0.17643915588741674,0.6153390136986301
1969,WET,3.664657534246575,0.17643915588741674,0.6153390136986301
1970,MODERATE,0.4659178082191781,0.17643915588741674,0.6153390136986301
1971,MODERATE,0.18147945205479454,0.17643915588741674,0.6153390136986301
1972,DRY,0.03614754098360656,0.17643915588741674,0.6153390136986301
1973,WET,0.9146301369863015,0.17643915588741674,0.6153390136986301
