year,WYT,mean_ann_Q,perc_33.33,perc_66.66
1960,DRY,175.60928961748633,209.7163580515009,277.8526904109589
1961,MODERATE,256.72328767123287,209.7163580515009,277.8526904109589
1962,MODERATE,222.21917808219177,209.7163580515009,277.8526904109589
1963,WET,307.0794520547945,209.7163580515009,277.8526904109589
1964,DRY,154.3879781420765,209.7163580515009,277.8526904109589
1965,WET,290.6246575342466,209.7163580515009,277.8526904109589
1966,MODERATE,234.72876712328767,209.7163580515009,277.8526904109589
1967,WET,299.7369863013699,209.7163580515009,277.8526904109589
1968,DRY,173.15300546448088,209.7163580515009,277.8526904109589
1969,WET,292.613698630137,209.7163580515009,277.8526904109589
1970,MODERATE,247.15068493150685,209.7163580515009,277.8526904109589
1971,WET,277.8712328767123,209.7163580515009,277.8526904109589
1972,MODERATE,209.73497267759564,209.7163580515009,277.8526904109589
1973,MODERATE,251.15342465753426,209.7163580515009,277.8526904109589
1974,WET,482.4547945205479,209.7163580515009,277.8526904109589
1975,MODERATE,267.56986301369864,209.7163580515009,277.8526904109589
1976,DRY,133.64207650273224,209.7163580515009,277.8526904109589
1977,DRY,74.21917808219177,209.7163580515009,277.8526904109589
1978,WET,384.44657534246574,209.7163580515009,277.8526904109589
1979,DRY,180.55890410958904,209.7163580515009,277.8526904109589
1980,MODERATE,262.35792349726773,209.7163580515009,277.8526904109589
1981,DRY,189.05205479452056,209.7163580515009,277.8526904109589
1982,WET,372.16712328767125,209.7163580515009,277.8526904109589
1983,WET,525.0739726027397,209.7163580515009,277.8526904109589
1984,MODERATE,254.02459016393442,209.7163580515009,277.8526904109589
1985,DRY,161.413698630137,209.7163580515009,277.8526904109589
1986,WET,290.6575342465753,209.7163580515009,277.8526904109589
1987,DRY,186.0164835164835,209.7163580515009,277.8526904109589
