year,WYT,mean_ann_Q,perc_33.33,perc_66.66
1951,MODERATE,136.9808219178082,105.13284356164384,190.55493205479453
1952,WET,224.0136612021858,105.13284356164384,190.55493205479453
1953,MODERATE,152.08219178082192,105.13284356164384,190.55493205479453
1954,MODERATE,137.5150684931507,105.13284356164384,190.55493205479453
1955,DRY,80.02191780821917,105.13284356164384,190.55493205479453
1956,WET,237.2377049180328,105.13284356164384,190.55493205479453
1957,DRY,94.65753424657534,105.13284356164384,190.55493205479453
1958,WET,264.4958904109589,105.13284356164384,190.55493205479453
1959,DRY,95.21917808219177,105.13284356164384,190.55493205479453
1960,DRY,79.40437158469945,105.13284356164384,190.55493205479453
1961,MODERATE,105.44931506849315,105.13284356164384,190.55493205479453
1962,MODERATE,118.73698630136987,105.13284356164384,190.55493205479453
1963,MODERATE,174.7890410958904,105.13284356164384,190.55493205479453
1964,DRY,66.02185792349727,105.13284356164384,190.55493205479453
1965,WET,192.97808219178083,105.13284356164384,190.55493205479453
1966,DRY,85.77260273972603,105.13284356164384,190.55493205479453
1967,WET,200.51780821917808,105.13284356164384,190.55493205479453
1968,MODERATE,114.88524590163935,105.13284356164384,190.55493205479453
1969,WET,259.14520547945204,105.13284356164384,190.55493205479453
1970,WET,237.6027397260274,105.13284356164384,190.55493205479453
1971,MODERATE,177.13150684931506,105.13284356164384,190.55493205479453
1972,DRY,82.55464480874316,105.13284356164384,190.55493205479453
1973,MODERATE,185.75342465753425,105.13284356164384,190.55493205479453
1974,WET,296.67397260273975,105.13284356164384,190.55493205479453
1975,MODERATE,167.6931506849315,105.13284356164384,190.55493205479453
1976,DRY,57.77049180327869,105.13284356164384,190.55493205479453
1977,DRY,40.35068493150685,105.13284356164384,190.55493205479453
1978,WET,206.76438356164383,105.13284356164384,190.55493205479453
1979,DRY,104.97534246575343,105.13284356164384,190.55493205479453
1980,WET,208.724043715847,105.13284356164384,190.55493205479453
1981,DRY,88.3013698630137,105.13284356164384,190.55493205479453
1982,WET,253.21369863013697,105.13284356164384,190.55493205479453
