year,WYT,mean_ann_Q,perc_33.33,perc_66.66
1968,DRY,47.38579234972678,49.136567975447264,84.71270443835616
1969,WET,104.33205479452054,49.136567975447264,84.71270443835616
1970,MODERATE,84.04794520547945,49.136567975447264,84.71270443835616
1971,MODERATE,81.28821917808219,49.136567975447264,84.71270443835616
1972,MODERATE,51.206830601092896,49.136567975447264,84.71270443835616
1973,MODERATE,78.70602739726027,49.136567975447264,84.71270443835616
1974,WET,114.80575342465752,49.136567975447264,84.71270443835616
1975,MODERATE,79.2013698630137,49.136567975447264,84.71270443835616
1976,DRY,18.501639344262298,49.136567975447264,84.71270443835616
1977,DRY,5.377917808219178,49.136567975447264,84.71270443835616
1978,MODERATE,83.27397260273973,49.136567975447264,84.71270443835616
1979,MODERATE,50.016164383561645,49.136567975447264,84.71270443835616
1980,WET,93.8860655737705,49.136567975447264,84.71270443835616
1981,DRY,30.484383561643835,49.136567975447264,84.71270443835616
1982,WET,146.10438356164383,49.136567975447264,84.71270443835616
1983,WET,138.5246575342466,49.136567975447264,84.71270443835616
1984,WET,87.56010928961749,49.136567975447264,84.71270443835616
1985,DRY,36.544657534246575,49.136567975447264,84.71270443835616
1986,WET,86.05506849315069,49.136567975447264,84.71270443835616
1987,DRY,16.92180821917808,49.136567975447264,84.71270443835616
1988,DRY,24.712868852459017,49.136567975447264,84.71270443835616
1989,MODERATE,67.751698630137,49.136567975447264,84.71270443835616
1990,DRY,31.152876712328766,49.136567975447264,84.71270443835616
1991,DRY,29.474520547945207,49.136567975447264,84.71270443835616
1992,DRY,26.78989071038252,49.136567975447264,84.71270443835616
1993,MODERATE,74.54219178082192,49.136567975447264,84.71270443835616
1994,DRY,18.69923287671233,49.136567975447264,84.71270443835616
1995,WET,119.98871232876712,49.136567975447264,84.71270443835616
1996,WET,94.45054644808742,49.136567975447264,84.71270443835616
1997,WET,97.41589041095891,49.136567975447264,84.71270443835616
1998,WET,108.59616438356164,49.136567975447264,84.71270443835616
1999,MODERATE,76.16465753424657,49.136567975447264,84.71270443835616
2000,MODERATE,62.079234972677604,49.136567975447264,84.71270443835616
