year,WYT,mean_ann_Q,perc_33.33,perc_66.66
1959,DRY,590.5068493150685,690.316623729321,1265.4579726027396
1960,MODERATE,894.2704918032787,690.316623729321,1265.4579726027396
1961,DRY,571.6876712328767,690.316623729321,1265.4579726027396
1962,MODERATE,1052.6027397260275,690.316623729321,1265.4579726027396
1963,WET,1734.3753424657534,690.316623729321,1265.4579726027396
1964,MODERATE,740.2814207650273,690.316623729321,1265.4579726027396
1965,WET,1752.2356164383561,690.316623729321,1265.4579726027396
1966,DRY,334.33698630136985,690.316623729321,1265.4579726027396
1967,WET,1692.1917808219177,690.316623729321,1265.4579726027396
