year,WYT,mean_ann_Q,perc_33.33,perc_66.66
1951,nan,nan,967.5281229470768,1736.0851068493148
1952,WET,2629.8524590163934,967.5281229470768,1736.0851068493148
1953,MODERATE,1451.3780821917808,967.5281229470768,1736.0851068493148
1954,MODERATE,1055.9315068493152,967.5281229470768,1736.0851068493148
1955,DRY,827.7835616438356,967.5281229470768,1736.0851068493148
1956,WET,2457.915300546448,967.5281229470768,1736.0851068493148
1957,MODERATE,1151.4794520547946,967.5281229470768,1736.0851068493148
1958,WET,2109.054794520548,967.5281229470768,1736.0851068493148
1959,DRY,631.2054794520548,967.5281229470768,1736.0851068493148
1960,DRY,923.4125683060109,967.5281229470768,1736.0851068493148
1961,DRY,581.3342465753425,967.5281229470768,1736.0851068493148
1962,MODERATE,1087.9397260273972,967.5281229470768,1736.0851068493148
1963,WET,1883.0684931506848,967.5281229470768,1736.0851068493148
1964,DRY,787.1174863387978,967.5281229470768,1736.0851068493148
1965,WET,1878.9945205479453,967.5281229470768,1736.0851068493148
