year,WYT,mean_ann_Q,perc_33.33,perc_66.66
1952,WET,2165.658469945355,793.7066783561643,1362.473560547945
1953,MODERATE,1137.690410958904,793.7066783561643,1362.473560547945
1954,MODERATE,844.1890410958904,793.7066783561643,1362.473560547945
1955,DRY,692.8630136986301,793.7066783561643,1362.473560547945
1956,WET,2081.98087431694,793.7066783561643,1362.473560547945
1957,MODERATE,977.386301369863,793.7066783561643,1362.473560547945
1958,WET,1813.1205479452055,793.7066783561643,1362.473560547945
1959,DRY,529.5671232876713,793.7066783561643,1362.473560547945
1960,DRY,608.5546448087432,793.7066783561643,1362.473560547945
