year,WYT,mean_ann_Q,perc_33.33,perc_66.66
1963,MODERATE,348.2739726027397,269.52089400404213,435.2178301369863
1964,DRY,161.45628415300547,269.52089400404213,435.2178301369863
1965,WET,437.72328767123287,269.52089400404213,435.2178301369863
1966,MODERATE,301.35616438356163,269.52089400404213,435.2178301369863
1967,WET,444.06849315068496,269.52089400404213,435.2178301369863
1968,DRY,206.04098360655738,269.52089400404213,435.2178301369863
1969,WET,485.9945205479452,269.52089400404213,435.2178301369863
1970,MODERATE,433.972602739726,269.52089400404213,435.2178301369863
1971,MODERATE,334.44931506849315,269.52089400404213,435.2178301369863
1972,DRY,123.46803278688526,269.52089400404213,435.2178301369863
1973,MODERATE,351.91506849315067,269.52089400404213,435.2178301369863
1974,WET,711.8739726027397,269.52089400404213,435.2178301369863
1975,MODERATE,340.3315068493151,269.52089400404213,435.2178301369863
1976,DRY,85.28825136612022,269.52089400404213,435.2178301369863
1977,DRY,20.306849315068494,269.52089400404213,435.2178301369863
1978,WET,487.3917808219178,269.52089400404213,435.2178301369863
1979,DRY,176.6054794520548,269.52089400404213,435.2178301369863
1980,MODERATE,315.948087431694,269.52089400404213,435.2178301369863
1981,DRY,165.89287671232876,269.52089400404213,435.2178301369863
1982,WET,550.7945205479452,269.52089400404213,435.2178301369863
1983,WET,671.3342465753425,269.52089400404213,435.2178301369863
