year,WYT,mean_ann_Q,perc_33.33,perc_66.66
1965,WET,122.34684931506848,76.32575758904109,96.86203134246576
1966,DRY,63.09945205479452,76.32575758904109,96.86203134246576
1967,MODERATE,82.94684931506849,76.32575758904109,96.86203134246576
1968,DRY,51.72595628415301,76.32575758904109,96.86203134246576
1969,WET,106.63068493150683,76.32575758904109,96.86203134246576
1970,MODERATE,94.36849315068493,76.32575758904109,96.86203134246576
1971,WET,101.86109589041097,76.32575758904109,96.86203134246576
1972,DRY,61.88907103825137,76.32575758904109,96.86203134246576
1973,MODERATE,90.00109589041097,76.32575758904109,96.86203134246576
1974,nan,nan,76.32575758904109,96.86203134246576
