year,WYT,mean_ann_Q,perc_33.33,perc_66.66
1981,DRY,322.0572602739726,410.1033350136986,684.3795930713376
1982,WET,877.1076712328767,410.1033350136986,684.3795930713376
1983,WET,850.2821917808219,410.1033350136986,684.3795930713376
1984,WET,819.2732240437158,410.1033350136986,684.3795930713376
1985,MODERATE,435.9780821917808,410.1033350136986,684.3795930713376
1986,MODERATE,617.0945205479452,410.1033350136986,684.3795930713376
1987,DRY,358.4158904109589,410.1033350136986,684.3795930713376
1988,DRY,328.62841530054646,410.1033350136986,684.3795930713376
1989,MODERATE,549.1276712328768,410.1033350136986,684.3795930713376
1990,nan,nan,410.1033350136986,684.3795930713376
