year,WYT,mean_ann_Q,perc_33.33,perc_66.66
1958,WET,889.5232876712329,365.10478001047983,578.7212734246575
1959,DRY,357.46301369863016,365.10478001047983,578.7212734246575
1960,DRY,330.25409836065575,365.10478001047983,578.7212734246575
1961,MODERATE,427.2219178082192,365.10478001047983,578.7212734246575
1962,DRY,334.9205479452055,365.10478001047983,578.7212734246575
1963,WET,654.6301369863014,365.10478001047983,578.7212734246575
1964,MODERATE,380.40437158469945,365.10478001047983,578.7212734246575
1965,WET,701.945205479452,365.10478001047983,578.7212734246575
